metric,value
n,63.0
n_faded_negative,50.0
pct_faded,0.7937
min,-1.0027780077874935
p25,-0.5637017715030039
median,-0.2919803489303
p75,-0.03960905768496986
max,0.7104782526847471
